{"cameraMode":{"drawMode":0,"name":"Shaded","section":"Shading Mode"},"sceneLighting":false,"audioPlay":false,"sceneViewState":{"m_AlwaysRefresh":false,"showFog":true,"showSkybox":false,"showFlares":true,"showImageEffects":true,"showParticleSystems":true,"showVisualEffectGraphs":true,"m_FxEnabled":true},"in2DMode":false,"pivot":{"x":-1.1399999856948853,"y":0.8600000143051148,"z":-0.28999996185302737},"rotation":{"x":-0.03961905092000961,"y":0.9011551737785339,"z":-0.08433126658201218,"w":-0.42336487770080569},"size":1.2247449159622193,"orthographic":false}